t_send_ns,window,lat_status_us,lat_unkey_us,was_tx
,idle,2471,,0
,idle,2362,,0
,idle,1061,,0
,idle,2704,,0
,idle,2505,,0
,idle,2843,,0
,idle,818,,0
,idle,1603,,0
,idle,1468,,0
,idle,2823,,0
,idle,846,,0
,idle,1388,,0
,idle,2671,,0
,idle,1250,,0
,idle,1512,,0
,idle,1061,,0
,idle,1998,,0
,idle,1076,,0
,idle,2199,,0
,decode,1539,,0
,idle,1436,,0
,decode,5075,,0
,decode,9398,,0
,decode,10124,,0
,decode,7933,,0
,decode,9236,,0
,decode,7845,,0
,decode,7487,,0
,decode,8381,,0
,decode,6527,,0
,decode,11628,,0
,decode,8677,,0
,decode,10061,,0
,decode,4816,,0
,decode,7256,,0
,decode,13935,,0
,decode,15926,,0
,decode,5316,,0
,decode,18640,,0
,decode,15423,,0
